ID,Name,Description,ReleaseDate,DiscontinuedDate,Price,Height,Width,Depth,Quantity,UnitOfMeasure,Header_ID
440112ef-8715-4406-9e08-7a045c7f0d12,Name,Description,ReleaseDate,DiscontinuedDate,Price,Height,Width,Depth,Quantity,UnitOfMeasure,54244d10-5450-4fa3-b157-20f57943c812
1a28b0f3-bde0-4a1f-88b9-06ec4124e6fa,Name,Description,ReleaseDate,DiscontinuedDate,Price,Height,Width,Depth,Quantity,UnitOfMeasure,54244d10-5450-4fa3-b157-20f57943c812
e595fd9b-94f0-461c-b963-6178e56f6084,Name,Description,ReleaseDate,DiscontinuedDate,Price,Height,Width,Depth,Quantity,UnitOfMeasure,54244d10-5450-4fa3-b157-20f57943c812
224161f6-337c-4420-b035-9be639f45c2f,Name,Description,ReleaseDate,DiscontinuedDate,Price,Height,Width,Depth,Quantity,UnitOfMeasure,740fc1ac-523a-4b2d-91cb-fc6f21833d6d
0b8ed014-03d1-4296-887e-1638ea31347d,Name,Description,ReleaseDate,DiscontinuedDate,Price,Height,Width,Depth,Quantity,UnitOfMeasure,740fc1ac-523a-4b2d-91cb-fc6f21833d6d
4697a0d8-98f5-4165-b355-8aea048f09f3,Name,Description,ReleaseDate,DiscontinuedDate,Price,Height,Width,Depth,Quantity,UnitOfMeasure,740fc1ac-523a-4b2d-91cb-fc6f21833d6d
be439af3-1ce8-42c4-9287-cda8282bcbe2,Name,Description,ReleaseDate,DiscontinuedDate,Price,Height,Width,Depth,Quantity,UnitOfMeasure,740fc1ac-523a-4b2d-91cb-fc6f21833d6d
40877b19-a207-4013-99fd-ef0a203f7e24,Name,Description,ReleaseDate,DiscontinuedDate,Price,Height,Width,Depth,Quantity,UnitOfMeasure,c51c97f1-c98f-4f05-987f-8da22ed885bc
0fdbd9aa-1786-4589-b5c7-537f0c2dcae8,Name,Description,ReleaseDate,DiscontinuedDate,Price,Height,Width,Depth,Quantity,UnitOfMeasure,c51c97f1-c98f-4f05-987f-8da22ed885bc
43540c4e-ee67-4a12-8727-beca248fdbae,Name,Description,ReleaseDate,DiscontinuedDate,Price,Height,Width,Depth,Quantity,UnitOfMeasure,05d5d225-e6e9-49b0-a339-de815cb71ed3
400566df-0e5a-4717-b05a-a646b22ba23f,Name,Description,ReleaseDate,DiscontinuedDate,Price,Height,Width,Depth,Quantity,UnitOfMeasure,05d5d225-e6e9-49b0-a339-de815cb71ed3
13769cb8-162f-4eab-91f7-49df4b311f12,Name,Description,ReleaseDate,DiscontinuedDate,Price,Height,Width,Depth,Quantity,UnitOfMeasure,05d5d225-e6e9-49b0-a339-de815cb71ed3
a70af80c-d824-48bf-b623-97f99760862c,Name,Description,ReleaseDate,DiscontinuedDate,Price,Height,Width,Depth,Quantity,UnitOfMeasure,1f01b152-ff5b-478e-a4bd-8c4137acdcc4
44fdc481-dafd-4e1c-ba41-5d9fab9f5d34,Name,Description,ReleaseDate,DiscontinuedDate,Price,Height,Width,Depth,Quantity,UnitOfMeasure,1f01b152-ff5b-478e-a4bd-8c4137acdcc4
51ee9acd-a07c-4ad0-aae7-59950e092e50,Name,Description,ReleaseDate,DiscontinuedDate,Price,Height,Width,Depth,Quantity,UnitOfMeasure,1f01b152-ff5b-478e-a4bd-8c4137acdcc4
b2282497-5ac9-4e44-a166-6f54458cbfe6,Name,Description,ReleaseDate,DiscontinuedDate,Price,Height,Width,Depth,Quantity,UnitOfMeasure,1f01b152-ff5b-478e-a4bd-8c4137acdcc4